FirstName,LastName,PhoneNumber,Email,AddressLine1,City,State,Country,ZipCode
Cade,Barrett,1-119-897-8613,Phasellus@Cras.ca,3511 Nulla Road,Manhattan,KS,United States,66502
Brett,Cobb,1-199-757-8601,interdum.Curabitur.dictum@sed.edu,2668 Eget St.,Manhattan,KS,United States,66502
Wylie,Ashley,1-391-823-4089,pede.ultrices.a@arcuimperdietullamcorper.edu,"673-1944 Vulputate, St.",Manhattan,KS,United States,66502
Kennan,Mason,1-325-574-6147,molestie.tellus.Aenean@bibendumfermentum.ca,8936 Elit Rd.,Manhattan,KS,United States,66502
Colin,Combs,1-199-121-6337,turpis.vitae@aarcuSed.com,"P.O. Box 416, 9421 Sapien, Av.",Manhattan,KS,United States,66502
Hyacinth,Hart,1-111-548-8605,metus.eu@Aliquamtinciduntnunc.edu,461-224 Adipiscing Street,Manhattan,KS,United States,66502
Rylee,Baird,1-609-452-4401,at.egestas@tincidunt.edu,"Ap #600-3404 Ultrices, Street",Manhattan,KS,United States,66502
Winter,Hernandez,1-292-441-9936,lacus.Mauris@Maurisvestibulumneque.net,Ap #100-1847 Eu Rd.,Manhattan,KS,United States,66502
Harrison,Stephens,1-919-853-6751,ante.dictum@dictum.net,"2472 Ullamcorper, St.",Manhattan,KS,United States,66502
Zorita,Long,1-372-322-3500,nisi.Mauris@temporbibendumDonec.ca,"P.O. Box 905, 603 Feugiat. Av.",Manhattan,KS,United States,66502
Ronan,Ellison,1-208-299-2941,pharetra@blanditviverra.co.uk,942-9647 Lacus Rd.,Manhattan,KS,United States,66502
Lars,Scott,1-354-829-7632,aptent.taciti.sociosqu@ipsum.com,Ap #547-3714 Penatibus Rd.,Manhattan,KS,United States,66502
Ryder,Young,1-570-875-9072,dolor.tempus.non@consequat.ca,"9573 Est, Street",Manhattan,KS,United States,66502
James,Beck,1-164-388-3219,Phasellus.at.augue@velitAliquam.net,"P.O. Box 559, 3359 Sit Rd.",Manhattan,KS,United States,66502
Abraham,Bowen,1-696-230-4766,erat.volutpat.Nulla@nuncIn.ca,Ap #437-1763 Molestie Rd.,Manhattan,KS,United States,66502
Phyllis,Pickett,1-130-415-9050,mollis.Integer@imperdietornare.co.uk,"P.O. Box 175, 5241 Eu St.",Manhattan,KS,United States,66502
Xanthus,Johnston,1-602-685-5172,et@risus.com,"783-4932 Et, Road",Manhattan,KS,United States,66502
Cadman,Rodriguez,1-958-641-0752,sit.amet@nunc.co.uk,"P.O. Box 646, 4369 Convallis Rd.",Manhattan,KS,United States,66502
Anthony,Wallace,1-646-235-7154,Cum.sociis@congueelitsed.co.uk,"P.O. Box 782, 8171 Tempor Rd.",Manhattan,KS,United States,66502
Robin,Hooper,1-991-237-1586,augue@arcu.co.uk,3949 Lacus. Street,Manhattan,KS,United States,66502
Sierra,Huber,1-198-697-0420,Quisque.ornare.tortor@nequesedsem.net,7397 Sagittis. Road,Manhattan,KS,United States,66502
Nadine,Moss,1-414-626-2798,ut@mollis.edu,"P.O. Box 908, 8267 Mauris Ave",Manhattan,KS,United States,66502
Sade,Stanton,1-122-107-9718,Sed@augueporttitor.net,Ap #643-2375 Vitae Avenue,Manhattan,KS,United States,66502
Ima,Franco,1-734-750-4967,et@semper.com,378-1756 Fusce Av.,Manhattan,KS,United States,66502
Hamish,Winters,1-715-617-3213,eros@elitCurabitur.org,453-1644 Proin St.,Manhattan,KS,United States,66502
Yoko,Wilcox,1-259-642-5288,elementum.lorem@Vestibulumuteros.net,5493 Proin Ave,Manhattan,KS,United States,66502
Elizabeth,Newman,1-550-205-9438,sed.tortor.Integer@volutpatornarefacilisis.co.uk,234-761 Amet Avenue,Manhattan,KS,United States,66502
Ishmael,Gibson,1-978-525-3916,semper@euligula.com,Ap #608-118 Et St.,Manhattan,KS,United States,66502
Moses,Curtis,1-605-843-7331,metus.Aliquam.erat@nostraperinceptos.ca,Ap #422-6247 Egestas. Av.,Manhattan,KS,United States,66502
Gisela,Bowman,1-779-628-7944,aliquet@risusQuisque.net,"P.O. Box 850, 6107 Condimentum Rd.",Manhattan,KS,United States,66502
Abraham,Gonzales,1-959-193-4982,per.conubia.nostra@nondui.edu,Ap #393-4902 Mauris. Rd.,Manhattan,KS,United States,66502
Jescie,Gamble,1-668-573-8648,a.dui@scelerisqueneque.net,"P.O. Box 161, 5972 Nisi. Road",Manhattan,KS,United States,66502
Harlan,Poole,1-344-121-4969,Donec@nasceturridiculusmus.org,Ap #620-5933 Praesent Rd.,Manhattan,KS,United States,66502
Brett,Jones,1-135-786-7065,lacus.Cras.interdum@elitelit.co.uk,Ap #324-869 Ipsum Street,Manhattan,KS,United States,66502
Thaddeus,Boone,1-822-109-7775,imperdiet.dictum@Duis.com,"P.O. Box 302, 9231 Cras Av.",Manhattan,KS,United States,66502
Xantha,Knowles,1-609-599-1909,commodo.tincidunt.nibh@auctor.ca,Ap #494-7651 Sit Rd.,Manhattan,KS,United States,66502
Ferris,Valenzuela,1-194-430-3539,sem.eget.massa@Cumsociisnatoque.co.uk,1153 Commodo Ave,Manhattan,KS,United States,66502
Holly,Neal,1-361-829-3701,In.scelerisque@necanteblandit.ca,"P.O. Box 110, 7405 Donec Rd.",Manhattan,KS,United States,66502
Astra,Dickson,1-658-119-5864,Nullam@enimCurabitur.ca,"9086 Non, St.",Manhattan,KS,United States,66502
Gareth,Mitchell,1-992-336-2283,erat.volutpat.Nulla@commodoauctor.ca,311-3455 Magna St.,Manhattan,KS,United States,66502
Fleur,Farrell,1-912-674-0861,ligula@tellus.edu,Ap #438-2835 Enim Street,Manhattan,KS,United States,66502
Abdul,Marshall,1-749-892-3143,convallis.ante.lectus@loremvitae.org,Ap #958-6253 Molestie. Ave,Manhattan,KS,United States,66502
Tyrone,Summers,1-672-464-5253,tincidunt.neque.vitae@Nullaeget.com,671 Arcu. Rd.,Manhattan,KS,United States,66502
Nero,Johns,1-684-341-1873,erat@lectus.org,420-3560 Proin Rd.,Manhattan,KS,United States,66502
Christopher,Leon,1-149-608-5259,odio.Nam.interdum@nonquam.co.uk,157-2761 Sit Rd.,Manhattan,KS,United States,66502
Dorian,Burks,1-666-917-5954,nulla@Utsagittislobortis.edu,Ap #905-4005 Semper Rd.,Manhattan,KS,United States,66502
Cooper,Buckley,1-969-236-2777,orci.consectetuer@gravidaPraesent.org,"568-9349 Non, Rd.",Manhattan,KS,United States,66502
Dana,Horne,1-483-896-9485,euismod.ac@Inat.co.uk,Ap #597-2336 Donec Avenue,Manhattan,KS,United States,66502
Quintessa,Mcfarland,1-541-848-3322,ut.aliquam.iaculis@imperdietdictum.co.uk,"P.O. Box 508, 8148 Eget Road",Manhattan,KS,United States,66502
Casey,French,1-178-396-9161,penatibus@DonecegestasDuis.ca,"P.O. Box 130, 8591 Lacus Street",Manhattan,KS,United States,66502
Fitzgerald,Mcfarland,1-877-362-4458,id.ante@acliberonec.ca,848-9220 Quisque Road,Manhattan,KS,United States,66502
Christopher,Mcintosh,1-525-530-4203,ipsum@disparturient.co.uk,5344 Libero Avenue,Manhattan,KS,United States,66502
Jason,Goodwin,1-998-787-2699,sapien.molestie.orci@euismodetcommodo.net,"249-7964 Mi, Rd.",Manhattan,KS,United States,66502
Thor,Navarro,1-998-161-6127,lobortis@necluctus.co.uk,"P.O. Box 455, 6078 Lorem, St.",Manhattan,KS,United States,66502
Quinlan,William,1-326-406-0351,cursus.a@feugiat.edu,"809 Vitae, Avenue",Manhattan,KS,United States,66502
Jakeem,Griffin,1-675-536-9401,faucibus.ut.nulla@nuncest.org,1255 Dolor Avenue,Manhattan,KS,United States,66502
Darius,Holder,1-717-138-4974,et.malesuada.fames@ipsumdolor.ca,178-4255 Nam Rd.,Manhattan,KS,United States,66502
Martena,Cross,1-494-793-1469,ante@eratSednunc.ca,335-8911 Sem. Avenue,Manhattan,KS,United States,66502
TaShya,Ashley,1-943-617-2547,Maecenas.iaculis.aliquet@magnaNamligula.co.uk,5398 Justo St.,Manhattan,KS,United States,66502
Philip,Delacruz,1-793-271-5435,tempor.arcu.Vestibulum@disparturient.co.uk,6392 Enim. St.,Manhattan,KS,United States,66502
Dacey,Lyons,1-285-415-7032,inceptos.hymenaeos@sodalesat.ca,"P.O. Box 958, 5677 Orci. Rd.",Manhattan,KS,United States,66502
Robin,Washington,1-106-723-2939,enim.Nunc@sem.com,3990 Fames Ave,Manhattan,KS,United States,66502
Wesley,Harrell,1-809-807-7168,erat@dolorelit.edu,Ap #283-5828 Eget St.,Manhattan,KS,United States,66502
Kaseem,Jennings,1-495-139-9569,Maecenas.mi.felis@adlitora.edu,9157 Nascetur Rd.,Manhattan,KS,United States,66502
Eaton,Hess,1-248-590-2280,fringilla@hendreritconsectetuer.ca,Ap #763-748 Risus. Rd.,Manhattan,KS,United States,66502
Kirby,Contreras,1-797-273-8746,Integer@duinec.org,384-2125 Mattis. Street,Manhattan,KS,United States,66502
Kirestin,Patton,1-562-627-1685,nunc@Sedeueros.com,"P.O. Box 645, 7366 Rutrum, Ave",Manhattan,KS,United States,66502
Trevor,Vargas,1-123-483-2870,nonummy.ac.feugiat@ametconsectetueradipiscing.ca,485-1141 Elit Road,Manhattan,KS,United States,66502
Uma,Maynard,1-279-451-5254,nec.urna@Quisqueimperdieterat.org,2862 Ligula. St.,Manhattan,KS,United States,66502
Wesley,Douglas,1-628-379-1638,Nunc@Donecsollicitudin.co.uk,6200 Lectus Avenue,Manhattan,KS,United States,66502
Martha,Johns,1-601-152-2461,neque.et.nunc@Suspendissealiquetsem.net,"P.O. Box 921, 4899 Enim Rd.",Manhattan,KS,United States,66502
Willow,Hines,1-425-600-0874,dictum.augue@dapibusligula.net,3877 Non Road,Manhattan,KS,United States,66502
Yvette,Harvey,1-849-621-3105,ligula@feugiatSed.co.uk,1647 Libero. Rd.,Manhattan,KS,United States,66502
Zelda,Bailey,1-777-949-4854,augue.ac@ipsumDonec.ca,"P.O. Box 402, 5060 Magna. Street",Manhattan,KS,United States,66502
Orli,Johnston,1-635-290-5634,ante.dictum@auctorvitae.co.uk,Ap #383-6033 Semper Av.,Manhattan,KS,United States,66502
Bruce,Edwards,1-844-229-7259,placerat.orci@elitNullafacilisi.ca,Ap #598-4882 Volutpat St.,Manhattan,KS,United States,66502
Moana,Boyer,1-398-956-9731,dictum@ultricies.com,Ap #778-203 Diam Av.,Manhattan,KS,United States,66502
Roanna,Flowers,1-203-221-3995,vel.convallis.in@luctusipsumleo.ca,8113 Euismod Av.,Manhattan,KS,United States,66502
Colton,Park,1-327-420-0511,tristique@nonleoVivamus.com,6236 Ante Rd.,Manhattan,KS,United States,66502
Chaney,Roberson,1-287-429-9503,sodales.elit.erat@orci.com,672-9393 Tempor Road,Manhattan,KS,United States,66502
Noel,Payne,1-877-875-2002,in@lacinia.edu,Ap #839-3383 Sit Ave,Manhattan,KS,United States,66502
Chandler,Baker,1-929-381-3011,dictum@non.edu,Ap #986-9143 Gravida St.,Manhattan,KS,United States,66502
Oleg,Moses,1-373-433-0496,sociis.natoque@tellusjusto.com,"Ap #206-844 Et, Rd.",Manhattan,KS,United States,66502
Marvin,Ayers,1-381-732-3043,lorem.ipsum.sodales@egestasblandit.ca,7475 Tristique St.,Manhattan,KS,United States,66502
Kerry,Cleveland,1-124-693-8325,mattis.velit.justo@Nulla.net,9619 Tellus St.,Manhattan,KS,United States,66502
Buckminster,Barry,1-954-804-6749,arcu.imperdiet@odiosagittis.org,9517 Enim Avenue,Manhattan,KS,United States,66502
Blythe,Myers,1-841-638-5378,Aliquam.ornare.libero@Sedidrisus.ca,6236 Mattis Avenue,Manhattan,KS,United States,66502
Aaron,Conley,1-431-933-9173,arcu.imperdiet@Vivamus.org,"P.O. Box 477, 4077 Lorem Avenue",Manhattan,KS,United States,66502
Norman,Lynch,1-142-677-7988,eros@Fusce.edu,2551 Tortor. Street,Manhattan,KS,United States,66502
Minerva,Foley,1-199-155-2468,eu.ligula.Aenean@euismod.co.uk,"P.O. Box 691, 8714 Fusce Ave",Manhattan,KS,United States,66502
Rylee,Finley,1-702-709-8055,dis.parturient@augue.org,"796-3165 Lacus, Avenue",Manhattan,KS,United States,66502
Amanda,Payne,1-775-244-2304,quis@vitae.net,"P.O. Box 615, 988 Iaculis Road",Manhattan,KS,United States,66502
Pandora,Dyer,1-345-620-7577,auctor@tellus.edu,"P.O. Box 410, 2124 Dolor Avenue",Manhattan,KS,United States,66502
McKenzie,Buchanan,1-801-921-5535,suscipit.nonummy@ipsum.org,Ap #183-2463 Ridiculus Road,Manhattan,KS,United States,66502
Troy,Livingston,1-209-396-1620,luctus.aliquet.odio@tortorat.edu,872-2508 Donec Road,Manhattan,KS,United States,66502
Upton,Mosley,1-768-367-4491,Nulla.tempor.augue@sedduiFusce.com,8521 Leo Road,Manhattan,KS,United States,66502
Hiram,Benson,1-916-398-2591,arcu.Curabitur.ut@sitamet.co.uk,Ap #527-634 Quisque St.,Manhattan,KS,United States,66502
Armando,Moran,1-773-998-8793,dui@in.edu,755-5203 Ridiculus St.,Manhattan,KS,United States,66502
Dominique,Vance,1-616-835-5549,Morbi.neque.tellus@cubiliaCuraePhasellus.com,213-1833 Magna. Avenue,Manhattan,KS,United States,66502
Elijah,Koch,1-197-523-2542,nisi.dictum.augue@Proinnonmassa.com,"P.O. Box 380, 6289 Curabitur Avenue",Manhattan,KS,United States,66502
Leo,Hoover,1-681-626-1326,faucibus.orci@metuseuerat.org,Ap #623-7856 Dui. Av.,Manhattan,KS,United States,66502
Carson,Dunn,1-672-176-4229,porttitor.interdum@loremluctusut.com,"P.O. Box 763, 2287 Facilisis, Ave",Manhattan,KS,United States,66502
Hamish,Aguirre,1-870-432-8456,fringilla.euismod@lobortis.org,"P.O. Box 844, 2875 Mauris, Avenue",Manhattan,KS,United States,66502
Helen,Frank,1-467-201-6131,Donec.luctus.aliquet@mattis.org,4233 Curabitur Rd.,Manhattan,KS,United States,66502
Ivor,Santos,1-800-640-9821,Cras.convallis@Vivamus.ca,"P.O. Box 612, 8553 Quisque Rd.",Manhattan,KS,United States,66502
Ori,Stevenson,1-792-104-0838,tristique@enim.edu,Ap #426-7388 Ipsum. Avenue,Manhattan,KS,United States,66502
Deborah,Rios,1-767-682-7832,nec@aliquameuaccumsan.edu,"P.O. Box 849, 1962 Tristique Rd.",Manhattan,KS,United States,66502
Jesse,Figueroa,1-720-158-4515,tellus.Suspendisse.sed@purussapiengravida.com,467-2121 Pharetra St.,Manhattan,KS,United States,66502
Damian,Ramirez,1-216-563-5080,Duis@diamSeddiam.com,159-7412 Nec Road,Manhattan,KS,United States,66502
Miriam,Beasley,1-357-550-1187,id@sapiencursus.ca,"P.O. Box 598, 119 Sit Av.",Manhattan,KS,United States,66502
Echo,Molina,1-613-642-3202,ornare.sagittis@ipsum.ca,Ap #179-3272 Vel Rd.,Manhattan,KS,United States,66502
Armando,Bauer,1-582-670-6910,metus@ut.org,"P.O. Box 286, 5869 Molestie Ave",Manhattan,KS,United States,66502
Dora,Zamora,1-780-177-1809,Nunc@In.edu,495-7099 Curae; Street,Manhattan,KS,United States,66502
Garrison,Ramos,1-439-561-2428,sagittis.Duis@eu.co.uk,Ap #483-2717 Cubilia Avenue,Manhattan,KS,United States,66502
Oscar,Prince,1-108-575-8173,nec.cursus.a@semperrutrumFusce.net,Ap #183-4530 Faucibus. Road,Manhattan,KS,United States,66502
Henry,Mckay,1-127-784-3481,nec@ipsum.net,Ap #850-8969 Libero Rd.,Manhattan,KS,United States,66502
Sebastian,Bowman,1-570-972-0573,tincidunt.vehicula.risus@consectetueripsum.edu,1514 Dolor. Rd.,Manhattan,KS,United States,66502
Victor,Downs,1-635-572-2492,auctor@ipsum.net,302-3282 Porttitor St.,Manhattan,KS,United States,66502
Xyla,Duran,1-149-252-2435,sit@dapibusgravidaAliquam.net,Ap #718-7968 Sem. Street,Manhattan,KS,United States,66502
Anjolie,Roth,1-298-885-8040,tellus.sem@urnajustofaucibus.org,"P.O. Box 305, 6820 Placerat Av.",Manhattan,KS,United States,66502
Maia,Graves,1-288-406-7915,luctus@dolortempusnon.ca,"P.O. Box 191, 5313 Nullam Road",Manhattan,KS,United States,66502
Colton,Farmer,1-307-252-0028,Suspendisse.aliquet.sem@odio.org,4366 Lectus Avenue,Manhattan,KS,United States,66502
Kermit,Michael,1-906-773-1488,consectetuer@nonluctus.edu,"P.O. Box 280, 9270 Rutrum, Av.",Manhattan,KS,United States,66502
Grace,Sparks,1-322-107-2511,ligula.Nullam.feugiat@vitae.co.uk,600-3030 Gravida Rd.,Manhattan,KS,United States,66502
Xenos,Snider,1-159-469-2394,vel.arcu@leoCrasvehicula.ca,Ap #866-8384 Integer Road,Manhattan,KS,United States,66502
Valentine,Odonnell,1-133-181-1874,eget.dictum.placerat@duinec.ca,9397 Gravida Road,Manhattan,KS,United States,66502
Mercedes,Kelly,1-917-606-3938,risus.In@sodaleseliterat.edu,Ap #685-1168 Parturient Av.,Manhattan,KS,United States,66502
Sylvia,Schwartz,1-189-528-7809,pede.Praesent.eu@orciconsectetuer.net,"P.O. Box 539, 9794 Mauris St.",Manhattan,KS,United States,66502
Eric,Cotton,1-508-122-4186,Morbi@scelerisqueneque.org,"9390 Quis, St.",Manhattan,KS,United States,66502
Francis,Price,1-799-277-9966,sollicitudin@massa.co.uk,7166 Lorem St.,Manhattan,KS,United States,66502
Pandora,Simon,1-674-824-8349,luctus.sit.amet@mi.co.uk,623 Dignissim Av.,Manhattan,KS,United States,66502
Cadman,Snyder,1-619-704-1084,adipiscing.ligula.Aenean@purusgravida.net,"P.O. Box 698, 2214 Cursus Rd.",Manhattan,KS,United States,66502
Germane,Ayers,1-849-670-9836,est.ac.facilisis@enim.org,"P.O. Box 902, 262 Felis Road",Manhattan,KS,United States,66502
Mercedes,Holcomb,1-838-936-1876,nunc.sit@Donecnibh.co.uk,Ap #675-1023 Proin Road,Manhattan,KS,United States,66502
Kato,Koch,1-864-732-1040,ligula.elit.pretium@ultricesposuerecubilia.co.uk,"P.O. Box 824, 527 Fringilla Rd.",Manhattan,KS,United States,66502
Camille,Hughes,1-618-280-0399,nascetur.ridiculus@ataugue.org,"P.O. Box 996, 7915 Quam Road",Manhattan,KS,United States,66502
Derek,Fernandez,1-697-287-8179,consectetuer.ipsum.nunc@luctus.edu,Ap #942-7790 Euismod Road,Manhattan,KS,United States,66502
Petra,Koch,1-329-833-1740,Donec.non@acturpisegestas.com,515-1285 Integer Rd.,Manhattan,KS,United States,66502
Arsenio,Black,1-259-809-9228,nunc@molestiepharetra.com,Ap #287-1929 Molestie Ave,Manhattan,KS,United States,66502
Leandra,Flynn,1-751-411-6140,malesuada.fames@mauriseuelit.org,564-333 Blandit Av.,Manhattan,KS,United States,66502
Dolan,Macdonald,1-241-270-1305,a.nunc.In@viverra.org,"P.O. Box 338, 2643 Est, St.",Manhattan,KS,United States,66502
Fulton,Cantu,1-581-213-4651,vel.quam.dignissim@aliquetProinvelit.com,"265-3704 Dolor, Street",Manhattan,KS,United States,66502
Morgan,Sweet,1-745-835-4134,a.neque.Nullam@amet.edu,Ap #248-1492 Sit Rd.,Manhattan,KS,United States,66502
Asher,Guerrero,1-695-538-7170,Cras.dictum@mi.edu,386-8890 Risus. Rd.,Manhattan,KS,United States,66502
Amela,Jordan,1-162-820-8562,mollis.nec@vehiculaaliquet.co.uk,"P.O. Box 742, 637 Morbi Street",Manhattan,KS,United States,66502
Ignacia,Bradley,1-423-160-7296,massa.lobortis.ultrices@Sedet.ca,"763-9640 Eu, St.",Manhattan,KS,United States,66502
Quentin,Craft,1-286-638-1947,tristique.pellentesque.tellus@pharetranibhAliquam.ca,273-6030 Quisque Rd.,Manhattan,KS,United States,66502
Miranda,Adams,1-762-905-5607,vitae.erat.vel@urnaUt.ca,"P.O. Box 216, 8947 Nonummy Ave",Manhattan,KS,United States,66502
Flynn,Albert,1-676-404-2962,id.magna.et@Fuscefeugiat.net,4251 Et Av.,Manhattan,KS,United States,66502
David,Sparks,1-491-212-0897,amet.risus.Donec@Duis.org,Ap #160-6229 Eros Road,Manhattan,KS,United States,66502
Jade,Grant,1-995-880-9775,Phasellus.dolor@utquam.co.uk,1625 Ipsum Street,Manhattan,KS,United States,66502
Nasim,Day,1-876-756-5157,lorem.eu.metus@vitae.org,Ap #220-7231 Ultricies Road,Manhattan,KS,United States,66502
Hector,Parrish,1-602-171-5967,dictum@Nuncmauris.co.uk,122-7448 Nulla Rd.,Manhattan,KS,United States,66502
Virginia,Valenzuela,1-262-250-8784,lorem.ac.risus@vitaeerat.com,Ap #536-4396 Integer Street,Manhattan,KS,United States,66502
Cathleen,Rosario,1-648-307-8018,quis.pede@Vestibulumante.edu,Ap #442-1879 Sodales. St.,Manhattan,KS,United States,66502
Xerxes,Mayer,1-679-823-5944,diam@sapiengravidanon.com,328-1592 Donec Avenue,Manhattan,KS,United States,66502
Mohammad,William,1-203-996-6113,cursus.Nunc@tristique.edu,"Ap #794-6926 Lorem, Rd.",Manhattan,KS,United States,66502
Jin,Anthony,1-290-484-0965,et.malesuada@atarcu.co.uk,"103 Dolor, Rd.",Manhattan,KS,United States,66502
Hunter,Riley,1-765-449-9271,Nulla.interdum.Curabitur@sociisnatoque.edu,"Ap #785-5052 Vitae, Rd.",Manhattan,KS,United States,66502
Brandon,Mason,1-232-436-6327,malesuada@feugiatLorem.net,"P.O. Box 322, 4694 Velit Rd.",Manhattan,KS,United States,66502
Anika,Rasmussen,1-587-859-0176,ornare.elit.elit@maurisblandit.net,368-8743 Nam Street,Manhattan,KS,United States,66502
Keiko,Bird,1-941-971-9658,neque@pedePraesent.ca,"679-2990 Ac, Street",Manhattan,KS,United States,66502
Ashely,Campbell,1-322-850-9226,lectus@egetmetus.com,"P.O. Box 773, 3370 Vitae Avenue",Manhattan,KS,United States,66502
Merritt,Sandoval,1-166-217-5883,gravida.sagittis@necmauris.org,203-7142 Eu Rd.,Manhattan,KS,United States,66502
Kaseem,Dudley,1-816-233-0545,ipsum.ac@Etiam.edu,1070 Non Ave,Manhattan,KS,United States,66502
Emerson,Solis,1-817-249-8996,cursus.Integer@Aenean.org,"P.O. Box 901, 7973 Sem St.",Manhattan,KS,United States,66502
Logan,Garcia,1-590-144-5275,placerat@Nullainterdum.com,"P.O. Box 394, 434 Risus. Avenue",Manhattan,KS,United States,66502
Shaine,Yates,1-887-810-1162,quis@odiotristiquepharetra.edu,Ap #808-6237 Luctus Rd.,Manhattan,KS,United States,66502
Fulton,Foreman,1-706-300-0916,molestie@Aeneansed.com,"P.O. Box 758, 3108 Nulla. Road",Manhattan,KS,United States,66502
Kasimir,Cook,1-763-476-9846,commodo@pretiumaliquet.ca,"P.O. Box 154, 3329 Pharetra Ave",Manhattan,KS,United States,66502
Charles,Shepherd,1-150-818-8299,sollicitudin.a.malesuada@facilisiSed.co.uk,"P.O. Box 183, 6944 In St.",Manhattan,KS,United States,66502
Calvin,Greene,1-141-860-7789,sed@rutrumjustoPraesent.ca,Ap #165-1551 Sodales St.,Manhattan,KS,United States,66502
Silas,Blackwell,1-718-544-5149,Nam.nulla.magna@semper.ca,8896 Dolor St.,Manhattan,KS,United States,66502
Cole,Kirby,1-252-662-4062,hendrerit@ac.com,"7900 Mauris, St.",Manhattan,KS,United States,66502
Baker,Baker,1-141-327-4257,sed.dolor.Fusce@odioapurus.edu,158-4474 Lacus Street,Manhattan,KS,United States,66502
Ori,Herrera,1-390-219-7505,tellus.justo.sit@ipsumleo.ca,Ap #318-3823 Rhoncus. Rd.,Manhattan,KS,United States,66502
Jolie,Deleon,1-966-147-4877,diam.dictum.sapien@liberolacus.edu,Ap #994-8497 Et Avenue,Manhattan,KS,United States,66502
Mariam,Gutierrez,1-559-770-7772,id@nibhPhasellusnulla.com,"P.O. Box 694, 4953 Fermentum Ave",Manhattan,KS,United States,66502
Marah,Cooke,1-935-183-0263,ac.feugiat@hendreritconsectetuer.org,771 Diam. St.,Manhattan,KS,United States,66502
Drake,Morton,1-422-678-9882,Integer.aliquam@ridiculus.com,"P.O. Box 380, 5707 Et Ave",Manhattan,KS,United States,66502
Yasir,Bradshaw,1-779-744-7553,eget.varius.ultrices@lobortis.net,3118 Proin Street,Manhattan,KS,United States,66502
Demetrius,Estrada,1-595-764-0766,facilisis@Aeneanegetmetus.net,"P.O. Box 891, 5323 Integer Rd.",Manhattan,KS,United States,66502
Margaret,Olson,1-641-445-0176,tincidunt.dui.augue@orciPhasellus.ca,"P.O. Box 666, 1409 Iaculis St.",Manhattan,KS,United States,66502
Melinda,Olson,1-268-503-8526,nunc@Phasellusvitaemauris.ca,"P.O. Box 164, 5576 Posuere Av.",Manhattan,KS,United States,66502
Gannon,Franks,1-822-433-2307,sapien.Nunc.pulvinar@semperdui.co.uk,"753-5130 Lacus, Rd.",Manhattan,KS,United States,66502
Elliott,Sargent,1-364-256-2579,Donec.consectetuer@Duisatlacus.co.uk,"P.O. Box 396, 7065 Libero Street",Manhattan,KS,United States,66502
Hedda,Salazar,1-415-490-0429,dictum@rhoncusProinnisl.edu,"Ap #482-2365 Est, St.",Manhattan,KS,United States,66502
Maggy,Melendez,1-814-300-2158,lectus.a.sollicitudin@arcu.co.uk,"462-988 Sed, St.",Manhattan,KS,United States,66502
Ifeoma,Brock,1-710-667-1148,lobortis.nisi.nibh@risus.com,3877 Orci Rd.,Manhattan,KS,United States,66502
Keiko,Nieves,1-227-939-4938,Donec.tempus@nuncnulla.org,"P.O. Box 242, 4163 Malesuada Rd.",Manhattan,KS,United States,66502
Daphne,Whitaker,1-114-366-4441,lobortis.tellus@netus.org,706-766 Sit Av.,Manhattan,KS,United States,66502
Audrey,Slater,1-640-981-9726,Mauris.nulla@eleifendegestas.com,180-5138 Et St.,Manhattan,KS,United States,66502
Indigo,Weber,1-713-259-4136,dapibus.quam@Pellentesqueultricies.co.uk,9122 Velit. Rd.,Manhattan,KS,United States,66502
Sasha,Bailey,1-183-975-7103,mollis.dui@nibhvulputate.ca,4866 Egestas Ave,Manhattan,KS,United States,66502
Jesse,Mcdowell,1-364-883-5355,Nulla.tempor.augue@nec.ca,355-2675 Tempor Street,Manhattan,KS,United States,66502
Rooney,Hammond,1-237-923-9631,lectus@Namligula.edu,"P.O. Box 974, 3774 Sit Rd.",Manhattan,KS,United States,66502
Laurel,Santos,1-532-707-6397,sapien.Aenean.massa@ligulatortordictum.org,Ap #313-7466 Magna. St.,Manhattan,KS,United States,66502
Xyla,Cash,1-341-452-3950,at.egestas.a@consequatlectus.net,895-1468 Sit Rd.,Manhattan,KS,United States,66502
Upton,Gonzalez,1-905-898-0387,placerat.eget@anteNuncmauris.ca,"P.O. Box 691, 6161 Tempor, Road",Manhattan,KS,United States,66502
Zachery,Atkins,1-746-340-7856,dui@faucibus.org,"P.O. Box 271, 675 Nulla St.",Heusden,N.,Mozambique,342750
Basil,Giles,1-502-196-6420,eu@egestas.edu,Ap #197-4800 Ullamcorper Ave,Kenosha,WI,United States Minor Outlying Islands,74461
Knox,Cameron,1-352-634-4474,lobortis.mauris@sedsemegestas.ca,"P.O. Box 694, 691 Ante. Av.",Whitby,ON,"Congo, the Democratic Republic of the",51463
Hanae,Leonard,1-987-924-7215,at.velit@nec.com,743-2684 Suspendisse Ave,Wanaka,South Island,Iran,28548
Nicholas,Kirkland,1-265-760-5096,eget.venenatis.a@justofaucibus.co.uk,"P.O. Box 788, 4156 Aliquam Avenue",Maple Ridge,British Columbia,Grenada,91853-37446
Kameko,Franks,1-274-342-9772,a@feugiat.com,7942 Nec Street,San Rafael,A,Greece,7206 QX
Sheila,Weber,1-695-882-7072,eget@sitamet.org,1576 Vel Rd.,Mohmand Agency,FATA,Egypt,3623
Ciaran,Greer,1-995-586-0757,neque@justofaucibus.co.uk,Ap #699-6406 Ullamcorper. Ave,Albury,NSW,Colombia,55014-022
Mona,Frazier,1-298-425-3617,senectus@dictum.co.uk,671-1196 Iaculis Avenue,San José de Alajuela,A,Morocco,65802
Barry,Rodriguez,1-605-613-3662,tortor@acfacilisis.org,"P.O. Box 646, 6252 Lectus St.",Levin,NI,Brunei,M5R 7A1
Jescie,Stark,1-985-585-1156,et.magnis@ipsumportaelit.org,6845 Lacinia Avenue,Galway,Connacht,Central African Republic,0860 HN
Arsenio,Flowers,1-396-722-9155,adipiscing.elit@lorem.net,Ap #193-4325 Egestas. St.,Hastings,North Island,Libya,5387 GC
Hilary,Tanner,1-228-577-1710,Integer.aliquam.adipiscing@Craspellentesque.ca,"239-7655 Non, Rd.",Dzerzhinsky,Moscow Oblast,Norfolk Island,86-684
Sydnee,Lyons,1-918-730-4558,non.lorem.vitae@arcu.edu,Ap #710-4026 Mi Avenue,Dublin,Leinster,Morocco,87902-91427
Amy,Clay,1-511-795-9686,feugiat.placerat.velit@Donec.edu,"P.O. Box 298, 5790 Nunc St.",Pasuruan,JI,Morocco,673322
Lester,Cross,1-998-292-2635,Sed.nec.metus@egestashendreritneque.ca,"P.O. Box 452, 6442 Nunc St.",Metro,Lampung,Mayotte,511528
Fredericka,Benjamin,1-484-185-0022,Donec@eumetus.co.uk,Ap #430-8504 Velit. Avenue,Hospet,Karnataka,Bahamas,99921-24894
Trevor,Tillman,1-571-433-0926,sed.tortor@quis.net,"P.O. Box 479, 5744 Maecenas St.",Kırıkhan,Hat,Gabon,31101
Molly,Zamora,1-883-605-9930,et@ultricies.org,"Ap #108-1544 Amet, Avenue",Foz do Iguaçu,Paraná,Georgia,16028
Selma,Underwood,1-966-744-5791,tincidunt.Donec.vitae@Sed.org,"P.O. Box 351, 4165 Turpis Rd.",Awaran,BL,Guadeloupe,24640
Wynne,Cervantes,1-900-738-4535,erat.nonummy.ultricies@mauris.co.uk,"Ap #631-6341 Montes, Rd.",Caplan,QC,Spain,12882
Hanna,Wilkinson,1-880-713-7339,Nullam.scelerisque@et.org,Ap #313-2110 Amet Rd.,Barranca,Lima,Libya,8875
Dahlia,Stark,1-392-195-0826,Aliquam.tincidunt.nunc@at.ca,"P.O. Box 998, 7271 Pellentesque Road",Lipetsk,LIP,Angola,8981
Ferris,Burks,1-416-582-3308,nec@nonlorem.edu,"972-1318 At, St.",Yeongcheon,Gye,Namibia,856457
Zelenia,Rojas,1-590-284-8527,justo@commodo.ca,"P.O. Box 763, 680 Libero. Ave",Ibagué,Tolima,Bermuda,Z6081
Sheila,Hart,1-482-651-7145,arcu@nuncsedlibero.ca,941-6027 Ultricies Av.,Siedlce,MA,Mozambique,6686
Kelly,Cash,1-612-708-8842,augue.malesuada.malesuada@orci.edu,6251 Egestas Road,Bahawalpur,Sindh,Bermuda,5065 BY
Tucker,Jimenez,1-219-532-2075,dolor.sit.amet@blandit.edu,"P.O. Box 337, 1225 Consectetuer Rd.",San Miguel,RM,Belgium,5799
Roth,Noel,1-587-680-7068,Nullam.ut@Curabiturmassa.org,634-2627 Pharetra Av.,Stratford,PE,Bahrain,29523
Aquila,Armstrong,1-292-898-1016,diam@aliquetlobortis.ca,"P.O. Box 642, 5308 Neque St.",Bulandshahr,Uttar Pradesh,Latvia,223759
Richard,Lane,1-786-457-4199,mauris.ipsum@nisi.ca,"P.O. Box 219, 7983 Lorem Avenue",Weesp,N.,Honduras,DO31 7TR
Neil,Madden,1-323-131-7926,ac.mi@vulputateposuerevulputate.co.uk,1068 Morbi Road,Sydney,NSW,Oman,Z4149
Beverly,Mccray,1-162-224-5818,natoque.penatibus@erat.ca,"P.O. Box 212, 1730 Sollicitudin St.",Westport,South Island,Bahamas,4476
Brenda,Mann,1-202-466-3016,auctor.velit@nonarcu.co.uk,Ap #875-9390 A Street,St. Petersburg,Florida,Italy,1442 OO
Orlando,Sweeney,1-120-609-9537,et.arcu@tellusjustosit.co.uk,"176 Lorem, Av.",Söderhamn,X,Fiji,71210
Nash,Evans,1-457-574-2075,semper@Aliquamadipiscinglobortis.ca,"P.O. Box 254, 4532 Eu, Rd.",Mosquera,Cundinamarca,Peru,24431
Maxwell,Gay,1-228-184-1823,Nunc@sagittisDuis.com,9503 Risus. Rd.,Gresham,Oregon,United Kingdom (Great Britain),971003
Xyla,Cruz,1-419-421-8191,tristique.pharetra@ipsumDonecsollicitudin.com,"P.O. Box 958, 5074 A Rd.",Stuttgart,Baden Württemberg,Liechtenstein,1272
Shaine,Lynch,1-992-534-7928,rhoncus.Proin.nisl@Pellentesqueutipsum.ca,7035 Nibh Ave,Galway,Connacht,Bolivia,3563
Arsenio,Flowers,1-388-813-0902,eros.nec.tellus@arcuet.org,"P.O. Box 496, 425 Venenatis Rd.",Berlin,BE,Luxembourg,5562
Minerva,Santiago,1-354-403-3888,interdum.libero.dui@nuncsedpede.net,365-4604 Erat Street,Houston,TX,Guinea-Bissau,88292
Whitney,Bruce,1-839-454-1778,velit.eget@orciUt.edu,"P.O. Box 133, 7228 Justo Street",Vannes,Bretagne,Saint Pierre and Miquelon,88879
Lillian,Hensley,1-115-244-3068,ante.Vivamus@rutrum.org,"P.O. Box 661, 9921 Phasellus St.",Malahide,Ontario,Switzerland,84129
Evan,Maldonado,1-510-335-2620,Sed@nequetellusimperdiet.co.uk,Ap #718-7071 Auctor Ave,Magangué,BOL,Guam,J5W 4E1
Suki,Lara,1-158-642-2737,litora.torquent.per@metuseu.net,9627 Quisque Ave,Arauca,ARA,South Africa,33476
Aspen,Walter,1-185-863-9612,sagittis.Nullam@tristiqueneque.com,"P.O. Box 207, 8842 Et St.",Dera Ghazi Khan,PU,Curaçao,80054
Inga,Alston,1-171-959-2374,iaculis.odio.Nam@ipsum.co.uk,584 Euismod Ave,Beverlo,Limburg,Brazil,2897 XJ
Finn,Weiss,1-570-203-4737,eu@vestibulum.ca,9558 Odio St.,San Jose,CA,Czech Republic,15533
Elmo,Chavez,1-753-346-3246,varius.ultrices.mauris@viverra.org,"P.O. Box 355, 9203 Sed, Street",Lower Hutt,NI,Antarctica,37928-036
Macaulay,Summers,1-876-489-0702,In@Curae.co.uk,Ap #942-8276 Tempus St.,Lexington,KY,Germany,758548
Wynter,Deleon,1-294-795-2950,ultrices.Duis@semperauctor.net,"P.O. Box 435, 6588 Orci Avenue",Charlottetown,Prince Edward Island,Greece,20402
Lance,Mccarthy,1-792-140-1180,vel.lectus.Cum@risusa.co.uk,881-1898 Sagittis Ave,Hamilton,ON,Tajikistan,6614
Colt,Hester,1-290-759-7718,et.rutrum.eu@ullamcorpervelit.net,Ap #600-4849 Lacus. Rd.,Cartagena,BOL,Sint Maarten,95956
Jonah,Ayers,1-615-537-1723,Integer.aliquam.adipiscing@vehicula.co.uk,Ap #838-6274 Eu Rd.,Coronel,VII,South Africa,7108
Jennifer,Norman,1-807-769-1103,pharetra.felis@etnuncQuisque.ca,"P.O. Box 518, 7652 Cubilia Ave",Berlin,Berlin,Spain,K8Z 7N0
Sean,Zimmerman,1-666-864-2898,vel@arcuSed.ca,Ap #327-1079 Natoque Street,Hamme,VB,Belgium,7677
Rowan,Wood,1-895-529-5045,Vivamus@lectusNullam.ca,Ap #187-8854 Tristique Rd.,Boo,AB,Brunei,30063
Kieran,Weaver,1-130-275-0723,molestie.orci.tincidunt@vulputatemaurissagittis.edu,1723 Tempor Rd.,Aulnay-sous-Bois,Île-de-France,Luxembourg,53631
Abbot,Guy,1-503-213-6434,adipiscing@nonenim.edu,"P.O. Box 677, 7581 Lacus Rd.",Oxford County,ON,San Marino,64038
Kylie,Ramos,1-493-995-0641,quam.vel.sapien@lacusEtiam.net,"P.O. Box 895, 853 Tincidunt Avenue",Woodstock,ON,Curaçao,35-993
Nelle,Prince,1-602-625-1453,ornare@idante.org,"3891 A, Av.",Whitby,ON,Syria,387660
Velma,Hartman,1-225-928-3208,fames.ac.turpis@amet.ca,677-7451 Ultricies Street,Hillsboro,OR,Åland Islands,541127
Maris,Banks,1-676-287-6448,at.libero@urna.net,9817 Varius Rd.,Nancy,LO,Azerbaijan,PA11 9II
Larissa,Guy,1-173-231-4995,scelerisque.neque@venenatislacus.net,212 Conubia Ave,Åkersberga,Stockholms län,Trinidad and Tobago,44398-51145
Kelly,Barton,1-434-628-9935,congue.a.aliquet@Morbineque.org,1609 Ultricies Road,Ham-sur-Heure,HE,Barbados,65438
Clio,Hart,1-635-489-4561,rutrum.non.hendrerit@sedpedenec.net,Ap #139-7410 Aliquam Rd.,Lagos,Lagos,Senegal,17632
Kendall,Raymond,1-207-818-4039,Sed@tristique.edu,443-9429 Bibendum Rd.,Tallahassee,Florida,Marshall Islands,14509
Heather,Dudley,1-913-426-9778,Maecenas.malesuada@ut.com,"P.O. Box 768, 832 Etiam St.",Paine,RM,Oman,992909
Chantale,Brown,1-930-748-0819,turpis@felisDonectempor.ca,764-391 Dictum St.,Peñalolén,RM,Côte D'Ivoire (Ivory Coast),98695
Sacha,Glass,1-574-520-3352,diam@eratvelpede.org,1862 Sagittis. Av.,Sukabumi,West Java,Mauritius,18464
Edan,Garrison,1-157-791-0660,diam.Sed@a.net,"Ap #495-8390 Suscipit, Avenue",Marcq-en-Baroeul,NO,Bahrain,71978
Irene,Mcdowell,1-341-512-8402,ligula.Aenean.euismod@ligula.org,423-6961 Hendrerit. Ave,Burnie,TAS,"Korea, North",5073
Jennifer,Randall,1-910-236-0083,nonummy.ut@mollisvitae.co.uk,890-6217 Amet Road,Virginia Beach,Virginia,Central African Republic,48482
Quinn,Atkins,1-477-277-4705,natoque.penatibus.et@IntegerurnaVivamus.co.uk,935-2257 Parturient Rd.,Bhuj,GJ,Wallis and Futuna,2013
Maisie,Wade,1-602-617-3050,cursus.et.magna@semper.co.uk,"Ap #415-2149 Vulputate, St.",Murcia,MU,Uzbekistan,48960
John,Travis,1-496-606-5253,et.pede@mauris.net,344 Augue Street,IJlst,Fr,Mayotte,567318
George,Mccoy,1-854-504-7913,dictum.augue.malesuada@a.edu,6684 Sapien Avenue,Elx,CV,Portugal,9879
Lance,Haney,1-206-687-7299,Nunc.ullamcorper@maurisrhoncus.net,5387 Ullamcorper. Ave,Veere,Zl,Nigeria,16746-95111
Ulric,Weiss,1-259-567-7035,ornare.placerat.orci@vitaerisusDuis.com,Ap #557-2145 Tristique Rd.,Okigwe,IM,Chad,9680
Keefe,Forbes,1-129-781-8769,lobortis@elementumduiquis.ca,7432 Ac Street,Vienna,Wie,Chile,Z0018
Valentine,Stout,1-205-680-9851,mi.pede@amifringilla.ca,455-838 Sapien. Rd.,Ciudad Valles,San Luis Potosí,Guinea,614112
Molly,Mcguire,1-837-170-4609,a.feugiat@ullamcorper.edu,"P.O. Box 756, 8282 Et Av.",Los Sauces,Araucanía,Qatar,23457-03021
McKenzie,Fitzgerald,1-814-895-9013,Cras.dictum.ultricies@orciinconsequat.edu,768-1241 Aliquet. St.,Banda Aceh,Aceh,Solomon Islands,48363
Veronica,Montoya,1-590-583-6421,urna.Vivamus@velitPellentesqueultricies.ca,"P.O. Box 211, 8128 Parturient Rd.",Ankara,Ank,Congo (Brazzaville),97979
Fallon,Mccall,1-804-328-5991,Maecenas.malesuada@pedeSuspendisse.co.uk,Ap #588-1755 Sodales. Rd.,Belfast,U,Pitcairn Islands,2861 KF
Whoopi,Dejesus,1-325-639-5119,malesuada@inconsequatenim.edu,1802 Mauris Av.,Ajaccio,CO,Sierra Leone,RM75 7MB
Brock,Aguilar,1-749-440-8771,Mauris@miAliquam.co.uk,"P.O. Box 169, 9634 Posuere Ave",Bajaur Agency,FATA,San Marino,71561
Brett,Acevedo,1-582-159-2941,scelerisque.neque.sed@turpisNulla.co.uk,6351 Sed Street,Berlin,BE,Taiwan,69625
Chaney,Cortez,1-903-345-5598,adipiscing.non@indolorFusce.co.uk,746-317 Ut Rd.,Chiavari,LIG,Kazakhstan,26661
Natalie,Shelton,1-805-568-2805,Cras.interdum.Nunc@sagittislobortismauris.co.uk,"P.O. Box 825, 9740 Augue Street",Ambleside,Westmorland,Guinea,31852
Galvin,Caldwell,1-594-834-1772,ac@risusquis.com,Ap #920-2679 Duis St.,Guwahati,Assam,Antigua and Barbuda,8870
August,Hodges,1-616-523-8413,in@Maecenasiaculis.ca,Ap #781-8336 Dapibus Street,Sapele,DE,Swaziland,65274
Mari,Herrera,1-470-170-4264,viverra.Maecenas@velitinaliquet.ca,Ap #997-8019 Velit. Rd.,Quillón,Biobío,San Marino,8936
Alea,Alvarez,1-831-796-4277,Sed.eget.lacus@enim.com,Ap #252-5199 Quam Av.,Cádiz,AN,Kenya,22016
Stacy,Mercer,1-462-668-6415,dui.Suspendisse@Cumsociis.co.uk,8627 Orci Rd.,New Galloway,KK,Christmas Island,912946
Noah,Branch,1-602-843-8916,quis.arcu.vel@eu.co.uk,"P.O. Box 593, 4165 Nibh St.",Liberia,G,Paraguay,1925
Zeus,Cook,1-379-300-3065,Sed.nunc.est@Vivamus.org,"6869 Auctor, Av.",Temuka,South Island,Reunion,1196
Flavia,Owen,1-756-507-3332,porttitor@euligula.edu,Ap #983-5085 Ultricies Av.,Bareilly,Uttar Pradesh,Curaçao,32741
Dorothy,Hooper,1-451-426-4531,mi@dolor.co.uk,1844 Et Ave,Pudukkottai,Tamil Nadu,Spain,2352
Tad,Romero,1-576-652-4849,Phasellus.vitae.mauris@neque.co.uk,"8069 Nunc, St.",Sicuani,Cusco,El Salvador,66445
Dieter,Duke,1-642-381-5010,tincidunt@Cum.com,"P.O. Box 704, 5187 Vel, St.",Bello,Antioquia,Albania,Z4467
